id,Question,Answer
1,was abraham lincoln the sixteenth president of the united states,True
2,did lincoln sign the national banking act of 1863,True
3,did his mother die of pneumonia,False
4,did lincoln beat john c breckinridge in the 1860 election,True
5,was abraham lincoln the first president of the united states,False
6,did lincoln start his political career in 1832,True
7,did lincoln ever represent alton  sangamon railroad,True
8,did lincoln win the election of 1860,True
9,is it true that he became a professor in 1820,True
10,was lorenzo romano amedeo carlo avogadro an italian savant,True
11,was amedeo avogadro born in turin august 9th 1776 to a noble ancient family of piedmont italy,True
12,is he most noted for his contributions to the theory of molarity and molecular weight,True
13,was king victor emmanuel iii there to pay homage to avogadro ,True
14,is avogadro s number commonly used to compute the results of chemical reactions ,True
15,did the scientific community not reserve great attention to his theory ,True
16,can the title of this famous 1811 paper be roughly translated into english,True
17,is it true that he published a collection in 1738,False
18,is it true that thermometer had 100 for the freezing point,True
19,was celsius born in uppsala in sweden,True
20,was anders celsius november 27 1701 april 25 1744 a swedish astronomer,True
21,is the celsius crater on the moon named after him,True
22,is the celsius crater on the moon named after him ,True
23,was celsius born in uppsala in sweden ,True
24,are beetles insects,True
25,can beetles be found in polar regions,False
26,do beetles antennae function primarily as organs of smell,True
27,are certain species of beetles considered pests,True
28,is a beetles general anatomy uniform,True
29,are beetles endopterygotes,True
30,is it possible that there are more than 350000 species of beetles,True
31,is the adephaga suborder larger than the polyphaga suborder,False
32,do carrion beetles eat dung,False
33,are many beetles territorial,True
34,are beetles endopterygotes with complete metamorphosis,True
35,is there a thriving industry in the collection of beetle specimens for amateur and professional collectors ,True
36,have coleopterists formed organisations to facilitate the study of beetles ,True
37,is the study of beetles called coleopterology  and its practitioners are coleopterists ,True
38,may a single female lay from several dozen to several thousand eggs during her lifetime ,True
39,can beetles be found in almost all habitats,True
40,was calvin coolidge the twentyninth vice president,False
41,was calvin coolidge born in plymouth windsor county vermont,True
42,did coolidge graduate from black river academy,True
43,was coolidge the thirteenth president of the united states,False
44,was calvin coolidge republican,True
45,was calvin coolidge a governor of massachus08_setts,True
46,is calvin jr older than john coolidge,False
47,did coolidge get in amherst college,True
48,was john calvin coolidge jr was born in las vegas,False
49,was coolidge opposed in the republican nomination for governor of massachus08_setts in 1918,True
50,did coolidge meet and marry grace anna goodhue,True
51,have there been other us presidents that have visited cuba,False
52,did france cede nearly all of its colonies in europe in 1763,True
53,is canada a member of the oecd,True
54,is canadas official language zulu,False
55,is canada bilingual,True
56,did canadian soldiers win the battle of vimy ridge in 1917,True
57,is an official language of canada german,False
58,is it true that it angered many residents of the thirteen colonies,True
59,is it true that provinces have a large degree of autonomy,True
60,are canada s two official languages english and french ,True
61,are canada s official national sports ice hockey  winter  and lacrosse  summer  ,True
62,is canada a geographically vast and ethnically diverse country ,True
63,did mainland nova scotia not come under british rule with the treaty of utrecht      ,False
64,did cartier not use the word  canada  to refer to not only that village  but the entire area subject to donnacona  chief at stadacona ,True
65,did continental european immigrants not s08_settle the prairies ,False
66,is it the world s second largest country by total area,True
67,is a drake a male,True
68,do all ducks quack,False
69,do ducks forage underwater,True
70,is foie gras often made from ducks,True
71,are diving ducks heavier tha dabbling ducks,True
72,are adult ducks fast fliers,True
73,are ducks an accepted presence in some populated areas,True
74,is egypt bordered by the gaza strip,True
75,is egypt the most populated country in africa,False
76,does egypt have political influence in the middle east,True
77,are there a large number of jews living in egypt today,False
78,is egypt in asia,False
79,does egypt receive the least rainfall in the world,True
80,does egypts foreign policy operates along moderate lines,True
81,does snow fall in egypt,True
82,are elephants the largest land animals alive today,True
83,can an elephant kill a rhinoceros,True
84,are elephants good swimmers,True
85,are elephant populations in west africa generally small and fragmented,True
86,is the asian elephant larger than the african,False
87,is an elephants skin tough,True
88,are elephants mammals,True
89,have elephants been used as working animals,True
90,do they prefer forested areas,True
91,is an asian elephant smaller than an african elephant,True
92,has tusklessness become a rare abnormality,False
93,were the treaties signed in 1947 and 1948 with the ukraine,False
94,is finnish a member of the balticfinnic subgroup of the uralic languages,True
95,is the most read newspaper in finland taloussanomat,False
96,today are there more cell phone subscriptions than people in finland,True
97,is matti vanhanen the prime minister of finland,True
98,is the capital city oslo,False
99,does it have a border with norway,True
100,does salmon remain the favorite of fly rod enthusiasts,True
101,are there cathedrals scattered all across finland,True
102,according to readers digest is finland best for living,True
103,does a large proportion of the population speak swedish as its mother tongue,False
104,do women live longer than men,True
105,was ford a member of the house of representatives,True
106,was gerald ford a member of delta kappa epsilon,True
107,did ford get an award called congressmans congressman,True
108,did ford attend the university of michigan,True
109,was ford active about vietnamese affairs,False
110,had fords wife married before,True
111,is ford related with the assassination of john f kennedy,True
112,was gerald ford the 38th president of the united states,True
113,did gerald ford serve as the republican minority leader of the house of representatives,True
114,was ford an eagle scout,True
115,has another us president been an eagle scout,False
116,did ford need to do extra work to pay for college,True
117,have more than five presidents lived past the age of 90,False
118,was ford released from the hospital,True
119,was ford interred at his presidential museum in grand rapids michigan,True
120,is ford one of only four former presidents to live to 90 or more years of age ,True
121,was ford the last surviving member of the warren commission ,True
122,did grand rapids supporters not urge him to take on bartel j jonkman  the incumbent republican congressman ,False
123,does ghana have twice the per capita output of the poorer countries in west africa,True
124,is english ghanas official language,True
125,did the dutch build the elmina castle,False
126,is ghana in asia,False
127,is english the official language,True
128,is ghanas head of state john agyekum kufuor,True
129,does the gray wolf share an ancestry with the domestic dog,True
130,do wolf pups tend to have darker fur than adults,True
131,do wolves leave their pack,True
132,are gray wolves native to north america,True
133,is the gray wolf a mammal,True
134,are a wolfs teeth its main weapons,True
135,are wolves built for stamina,True
136,was grover cleveland born in new york,False
137,did grover cleveland win the 1884 election,True
138,did grover cleveland support womens suffrage,False
139,was grover cleveland the twentyseventh president of the united states,False
140,is grover cleveland honest,True
141,was grover cleveland married in the whitehouse,True
142,when was he elected sheriff of erire county new york,True
143,is it true that he sent in federal troops to chicago,True
144,was cleveland born in caldwell new jersey to the reverend richard cleveland and anne neal,True
145,was grover cleveland elected sheriff of erie county new york,True
146,was cleveland s portrait on the us  1000 bill from 1928 to 1946 ,True
147,is he buried in the princeton cemetery of the nassau presbyterian church ,True
148,did the department of the interior not charge that the rights of way for this land must be returned to the public because the railroads failed to extend their lines according to agreements ,True
149,did the team  sedating cleveland with nitrous oxide lrb laughing gas rrb  not remove his upper left jaw and portions of his hard palate ,True
150,is it true that he married louise désirée lorieux in 1890,True
151,is it true that he shared the nobel prize in physics,True
152,was becquerel elected permanent secretary of the académie des sciences,True
153,was becquerel born in paris into a family which including he and his son jean produced four generations of scientists,True
154,did one places between the phosphorescent substance and the paper a piece of money or a metal screen not pierce with a cutout design ,True
155,is there a becquerel crater on the moon and a becquerel crater on mars,True
156,are the javanese the largest and politically dominant ethnic group in indonesia,True
157,is indonesia a monarchy with a presidential system,False
158,did the japanese invasion and subsequent occupation during wwii end dutch rule,True
159,does indonesia have the worlds hightest level of biodiversity,False
160,was indonesia named after it became an independent country,False
161,is it true that indonesia has vast areas of wilderness,True
162,is indonesia a republic,True
163,are sports in indonesia generally maleorientated,True
164,is indonesia the worlds largest archipelagic state,True
165,are sports in indonesia generally maleorientated and spectator sports are often associated with illegal gambling ,True
166,is pencak silat an indonesian martial art ,True
167,has indonesia the world s largest muslim population ,True
168,is it the world s largest archipelagic state,True
169,is it the world s fourth most populous country and the most populous muslimmajority nation,True
170,is james monrow the fifth president of us,True
171,did monroe wedding happen at the trinity church in new york,True
172,was james monroe president of the united states,True
173,did james monroe attend the college of william and mary,True
174,did james monroe fight in the continental army,True
175,is it true that he practiced law in fredericksburg,True
176,was monroe anticlerical,False
177,was monroe appointed minister to france from 1794 to 1796,True
178,had monroe racked up many debts during his years of public life ,True
179,is watt commemorated by statuary in george square glasgow and princes street edinburgh,True
180,was watt a gentleman greatly respected by other prominent men of the industrial revolution,True
181,was watt a fellow of the royal society of edinburgh and the royal society of london,True
182,was watt ranked 22nd in michael h hart s list of the most influential figures in history ,True
183,did john adams represent the continental congress in europe,True
184,was adams raised congregationalist,True
185,was adams an opponent of the stamp act,True
186,was adams the first to introduce a bicameral legislature,True
187,did john adams get along with alexander hamilton,False
188,did john adams go to harvard ,True
189,did john adams support the stamp act of 1765,False
190,is adams birthplace part of a national park,True
191,is it true that adams had spent some time as the ambassador,True
192,is it true that massachus08_setts sent him in 1774,True
193,are his last words often quoted as  thomas jefferson survives   ,True
194,did the election of 1800 not become a bitter and volatile battle  with each side expressing extraordinary fear of the other party and its policies ,False
195,is a kangaroo a reptile,False
196,is a kangaroo on the australian coat of arms,True
197,was james cook the first to record the name kangooroo,True
198,are wild kangaroos shot for meat,True
199,have kangaroos fared well since european s08_settlement,True
200,do kangaroos have many natural predators,False
201,do kangaroos eat plants,True
202,are kangaroos and wallabies adept swimmers,True
203,are kangaroos farmed to any extent,False
204,have kangaroos dazzled by headlights or startled by engine noise been known to leap in front of cars ,True
205,is a collision with a vehicle capable of killing a kangaroo ,True
206,was the game of marn grook played using a ball made from kangaroo by the kurnai people ,True
207,have kangaroos large  powerful hind legs  large feet adapted for leaping  a long muscular tail for balance  and a small head ,True
208,is a kangaroo a marsupial from the family macropodidae lrb macropods  meaning   large foot   rrb,True
209,have larger kangaroos adapted much better to changes,True
210,is the leopard smaller than the other members of panthera,True
211,is a leopard larger and less lanky than a cheetah,True
212,are large pythons potential prey for leopards,True
213,is the leopard an old world mammal,True
214,is the leopard of the felidae family,True
215,is the leopard one of the four big cats,True
216,does a male leopard weigh more than a female leopard,True
217,are leopards circular,False
218,is the leopard solitary,True
219,has the new zealand rugby league featured the otahuhu leopards and then the tamaki leopards ,True
220,were the leopard men a west african secret society who practised cannibalism ,True
221,was the leopard tank a german designed tank which entered service in 1965 ,True
222,is the black color heritable and caused by only one recessive gene locus ,True
223,is the leopard lrb panthera pardus rrb an old world mammal of the felidae family and the smallest of the four   big cats   of the genus panthera  along with the tiger  lion  and jaguar,True
224,can a panther be any of several species of large felid,True
225,is the leopard an agile and graceful predator,True
226,is liechtenstein bordered by switzerland,True
227,is liechtenstein the smallest germanspeaking country in the world,True
228,was liechtenstein part of the ancient roman province of raetia,True
229,has leichtenstein worked to promote the countys image by prosecuting international moneylaundering,True
230,is there an airport in liechtenstein,False
231,is liechtenstein heavily urbanized,False
232,is liechtenstein doubly landlocked,True
233,does liechtenstein have an army,False
234,does the state court rule on the conformity of laws,True
235,was liechtenstein completed in november 2000,False
236,is the museum collection also the national art collection of liechtenstein ,True
237,is there a small heliport at balzers in liechtenstein available for charter helicopter flights ,True
238,are nationals referred to by the plural  liechtensteiners ,True
239,is it a winter sports resort  although it is perhaps best known as a tax haven ,True
240,is it a winter sports resort,True
241,is it the smallest germanspeaking country in the world,True
242,did webster write i can now sleep of nights,True
243,was the arrival of louis kossuth exiled leader of a failed hungarian revolution another issue that presented itself during fillmores presidency,True
244,did he die at 1110 pm on march 8 1874 of the aftereffects of a stroke,True
245,did fillmore run for president a second time,True
246,was millard fillmore the thirteenth president of the united states,True
247,was millard fillmore born on january 7 1800,True
248,did millard fillmore die on march 8 1974,False
249,was fillmore one of the founders of the university of buffalo,True
250,was another primary objective of fillmore to preserve the union from the intensifying slavery debate,True
251,was fillmore the second chancellor a position he maintained while both vice president and president,False
252,is fillmore the first of two presidents to have been an indentured servant ,True
253,is the comic strip mallard fillmore named after the president ,True
254,was fillmore the first us president born after the death of a former president ,True
255,did fillmore not turn down the honor  explaining that he had neither the  literary nor scientific attainment  to justify the degree ,False
256,are there at least two films describing tesla s life ,True
257,have a number of live theatrical plays based on tesla s life been produced and staged worldwide ,True
258,do sea otters have long muscular tails,False
259,can otters survive in cold water,True
260,does the giant otter inhabit south africa,False
261,is otter a kind of mammal,True
262,do otters live in water,True
263,do sea otters live along the pacific coast,True
264,are otters totem animals,True
265,are otters herbivores,False
266,is it true that otters eat a variety of fish,True
267,are otters playful animals,True
268,are otters very active,True
269,are male otters dogotters,True
270,is the myth of otter s ransom the starting point of the volsunga saga ,True
271,are male otters dogotters  females are bitches and babies are cubs or pups ,True
272,is an otter s den called a holt ,True
273,have most otters fish as the primary item in their diet  supplemented by frogs  crayfish and crabs ,True
274,do penguins feed on krill,True
275,do penguins live almost exclusively in the southern hemisphere,True
276,are penguins afraid of humans,False
277,are penguins birds,True
278,do penguins have a better than average sense of hearing for birds,True
279,are penguins considered higher waterbirds,True
280,is it true that each penguin gets a turn in the center,True
281,are all penguins countershaded,True
282,are penguins at risk,True
283,is it also possible that penguin comes from the latin pinguis  fat ,True
284,have penguins an average sense of hearing for birds ,True
285,can larger penguins dive deep in case of need ,True
286,is the smallest penguin species the little blue penguin lrb also known as the fairy penguin rrb  which stands around 40 cm tall lrb 16 in rrb and weighs 1 kg lrb 22 lb rrb ,True
287,is the largest living species the emperor penguin lrb aptenodytes forsteri rrb,True
288,is the smallest penguin species the little blue penguin lrb also known as the fairy penguin rrb  which stands around 40 cm tall lrb 16 in rrb and weighs 1 kg lrb 2,True
289,is polar bear a mammal,True
290,is polar bear a carnivore,True
291,does a polar bear live in the arctic,True
292,is a polar bear white in color,True
293,is a polar bear at high risk of extinction,True
294,do female polar bears weight more than the male,False
295,are polar bears excellent swimmers,True
296,is the polar bear the mascot of bowdoin college ,True
297,have thumbpolar bears been made both controversial and famous for their distinctive white fur and their habitat ,True
298,did mitchell taylor  the nunavut government manager of wildlife research  not write a letter to the us fish and wildlife service arguing that local studies are insufficient evidence for global protection at this time ,False
299,are cubs born in december without awakening the mother ,True
300,does qatar rank as the eighth richest country in the world per capita,False
301,do nearly all qataris profess islam,True
302,can women legally drive in qatar,True
303,does the native pronunciation of qatar sound like cutter,True
304,was qatar university founded in 1973,True
305,is qatar bordered by saudi arabia to the south,True
306,has qatar a modern telecommunication system centered in doha ,True
307,was qatar university founded in 1973 ,True
308,did the qataris not choose as their negotiator the respected entrepreneur and longtime resident of doha  muhammed bin thani ,True
309,will oil and gas probably remain the backbone of qatar s economy for some time to come ,True
310,has it been created with a long term perspective to support the development of qatar and the wider region  develop local and regional markets  and strengthen the links between the energy based economies and global financial markets ,True
311,can these allophones not occur in these positions in english,True
312,is rrb  officially the state of qatar lrb arabic   transliterated as dawlat qatar rrb  an arab emirate in southwest asia,True
313,does romania border hungary,True
314,is romania a secular state,True
315,is the president elected by popular vote,True
316,is the romanian economy doing well,True
317,are there many roma in romania,False
318,does romania share a border with ukraine,True
319,did romania declare neutrality during world war i,True
320,does romania share the same language with moldova,True
321,is it true that romania has a population of 21698181,True
322,is romania a semipresidential unitary state,True
323,is romania a semipresidential democratic republic where executive functions are shared between the president and the prime minister ,True
324,was gellu naum the leader of the surrealist movement in romania ,True
325,was the bucharest metro only opened in 1979 ,True
326,is romania lrb  rrb a country in southeastern europe,True
327,is singapore located at the southern tip of the korean penisula,False
328,is singapore a citystate,True
329,has sang nila utama visited singapore,True
330,was lee kuan yew a successful leader of singapore,True
331,is it true that singapore has several long  standing disputes with malaysia,True
332,has singapore changi airport a network of 81 airlines connecting singapore to 185 cities in 58 countries ,True
333,has singapore a network of reservoirs and water catchment areas ,True
334,has urbanization eliminated many areas of former primary rainforest  with the only remaining area of primary rainforest being bukit timah nature reserve ,True
335,does the economy not depend heavily on exports refining imported goods  especially in manufacturing ,False
336,is singapore lrb     rrb  officially the republic of singapore lrb     rrb  an island nation located at the southern tip of the malay peninsula,True
337,is singapore the 17th wealthiest country in the world in terms of gdp per capita,False
338,was thedore roosevelt  a member of the republican party,True
339,does theodore roosevelt have a brother,True
340,did theodore roosevelt go to harvard,True
341,did theodore roosevelt study judo,False
342,did roosevelt receive a medal of honor,True
343,did roosevelt study biology,True
344,did roosevelt support racial integration in schools,True
345,was roosevelts family rich,True
346,are turtles ectothermic,True
347,does the mother care for the young,False
348,are turtles pets,True
349,do sea turtles lay eggs on dry sandy beaches,True
350,are pleurodira known as sidenecked turtles,True
351,do turtles lay eggs underwater,False
352,are turtle eggs leathery and soft,True
353,are turtles being examined for longevity genes,True
354,are the largest turtles aquatic,True
355,is aquatic respiration in australian freshwater turtles being studied,True
356,has this inspired genetic researchers to begin examining the turtle genome for longevity genes ,True
357,can turtles take many years to reach breeding age ,True
358,are immature sea turtles not cared for by the adults ,True
359,are the pleurodira sometimes known as the sidenecked turtles  a reference to the way they withdraw their heads into their shells ,True
360,does the order testudines not include both extant lrb living rrb and extinct species  the earliest known turtles being from around 215 million years ago ,True
361,was ulysses grant a general in the american civil war,True
362,was grants fatherinlaw a democrat,True
363,did ulysses win the battle of champion hill,True
364,did horace greenley lose in the presidential elections of 1872,True
365,was grant elected president as a republican,True
366,was it a twosentence description that completely caught the essence of ulysses s grant ,True
367,was grant s favorite brand of bourbon whiskey old crow ,True
368,had he smoked only sporadically ,True
369,is the famous dragon gate at the entrance to the district at the corner of grant and bush street ,True
370,is uruguay located in the northwesten part of africa,False
371,is uruguays capital montevideo,True
372,does uruguay have cold summers,False
373,is uruguays landscape mountainous,False
374,does uruguay recognize samesex civil unions,True
375,does uruguay border french guiana,False
376,is uruguays warmest month june,False
377,is uruguay the smallest soverign nation in south america,False
378,is uruguay very common,False
379,is the climate in uruguay temperate,True
380,is the main sport in uruguay football ,True
381,is uruguay s oldest church in san carlos  maldonado ,True
382,is uruguay a member of the cairns group of exporters of agricultural products ,True
383,is it widely considered the most secular nation in latin america ,True
384,is it the second smallest independent country in south america  larger only than suriname and the french overseas department of french guiana,True
385,is it a constitutional democracy  where the president fulfills the roles of both head of state and head of government,True
386,was woodrow wilson the thirtieth president of the united states,False
387,did woodrow wilson create the league of nations,True
388,did the us join the league of nations,False
389,was wilson a member of the phi kappa psi fraternity,True
390,was wilson an automobile enthusiast,True
391,did wilsons father own slaves,True
392,did wilson support desegregation,False
393,did wilson support the committee system,False
394,did wilson have any siblings,True
395,was wilson awarded the 1919 nobel peace prize,True
396,was wilson a remarkably effective writer and thinker,True
397,was wilson president of the american political science association in 1910 ,True
398,did he not cast his ballot for john m palmer  the presidential candidate of the national democratic party  or gold democrats  a shortlived party that supported a gold standard  low tariffs  and limited government ,True
399,did wilson not spend 1914 through the beginning of 1917 trying to keep america out of the war in europe ,True
400,was wilson  a staunch opponent of antisemitism  sympathetic to the plight of jews  especially in poland and in france ,True
401,was volta an italian physicist,True
402,is volta buried in the city of pittsburgh,False
403,did volta have a passion for the study of electricity,True
404,is it a disadvantage for something to be unsafe to handle,True
405,was lombardy under napoleons rule in 1800,True
406,was the italian 10000 lira banknote created before the euro,True
407,did alessandro volta live to be 80 years old,False
408,is the electrolyte sulphuric acid,True
409,is volta buried in the city  of como,True
410,was his 1800  paper written in french,True
411,before 1796 was lombardy ruled by austria,True
412,did he receive the societys 1794 copley medal,True
413,did he experiment with individual cells,True
414,did he become professor of experimental physics at the university of pavia,True
415,is it true that his passion been always the study of electricity,True
416,is it true that volta married the daughter of count ludovico peregrini,True
417,is it true that he published his invention of the voltaic pile battery,True
418,was amedeo avogadro italian,True
419,did amedeo avogadro graduate,True
420,did avogadro live in england,False
421,was amedeo avogadro born in north america,False
422,was king victor  emmanuel  iii there to pay  homage  to avogadro,True
423,in fact was avogadro s  famous  1811  paper written in french  ,True
424,is avogadro s  number commonly used to compute  the results  of chemical reactions,True
425,hence can relative molecular  masses be calculated from the masses  of gas samples,True
426,did he publish his work,True
427,did avogadro submit his poem,True
428,is it true that loschmidt calculated first the value of avogadro number,True
429,hence  can relative molecular masses be calculated from the masses of gas samples ,True
430,can the title of this famous 1811 paper be roughly translated into english as essay on determining the relative masses of the elementary molecules of bodies ,True
431,was celsius born in uppsala  in sweden,True
432,is the celsius  crater  on the moon named after him,True
433,was anders celsius   november 27   1701  april 25   1744   a swedish  astronomer,True
434,was anders celsius the first  to perform  and  publish  careful experiments  aiming at the definition  of an international  temperature  scale  on scientific grounds,True
435,was he professor at uppsala university,True
436,is it true that he published a collection of 316 observations,True
437,can syllables begin with a vowel,False
438,are calligraphers held in great esteem,True
439,have many european languages borrowed numerous words from it,True
440,are pronouns in literary arabic marked for person  number and gender ,True
441,however  are nonhuman plural nouns grammatically considered to be feminine singular ,True
442,is a bee an insect,True
443,are bees related to ants,True
444,have managed populations of european honey bees experienced substantial declines,True
445,does beijing mean northern capital,True
446,are the caves of dragon bone hill near the village of zhoukoudian in fangshan district,True
447,are hutongs disappearing,True
448,are famous middle  schools  in beijing ,True
449,was blaise pascal a mathematician of the first order,True
450,has the name pascal been given to the si unit of pressure,True
451,aside from the provincial letters religious influence were they popular as a literary work,True
452,is the violin cello a bowed string instrument,True
453,is the purfling just for decoration,False
454,are the zholes used as access points to the interior of the cello ,False
455,is there cello in performances by rihanna,True
456,are cellos constructed with glue,True
457,is the cello a stringed instrument,True
458,was charlesaugustin de coulomb a member of the national institute,True
459,did charlesaugustin de coulomb find any relationship between electric charges and magnetic poles ,False
460,was charlesaugustin de coulombs fathers family in montpellier ,True
461,did charlesaugustin de coulomb live to be 80 years old,False
462,was the si  unit  of charge  the  coulomb  named after him,True
463,was coulomb born in angoulême  france   to a well  to do  family,True
464,was his father   henri  coulomb  inspector of the royal  fields  in montpellier,True
465,is coulomb distinguished in the history  of mechanics  and  of electricity and  magnetism,True
466,was charles augustin  de coulomb   born  june  14   1736   angoulême   france    died august 23   1806   paris   france   a french  physicist,True
467,does coulomb leave a legacy,True
468,did he publish an important investigation of the laws of friction,True
469,was coulomb born in angoulême france to a well to do family,True
470,was his father inspector of the royal fields,True
471,is it true that coulomb leaves a legacy as a hero,True
472,was old chinese wholly uninflected,False
473,are the modern chinese dialects more like a family,True
474,is it true that onefifth of world population speak some form of chinese,True
475,is copenhagen completely surrounded with water ,False
476,have cymbals been used historically to suggest bacchanal,True
477,can the origins of cymbals be traced to prehistoric times,True
478,are cymbals used in moden orchestras,True
479,can the origins of cymbals be traced back to prehistoric times,True
480,did the modern hihat evolve from clash cymbals,True
481,is the word cymbal derived from a germanic word,False
482,is dhaka the capital of bangladesh,True
483,is dhaka located on the eastern banks of the buriganga river,True
484,is university of dhaka the largest public university in dhaka,True
485,did the mughals arrive in dhaka,True
486,is university of dhaka older than the dhaka college,False
487,is english an intonation  language,True
488,is english a de  jure  official  language  of israel,False
489,is the stressed  syllable called the nuclear  syllable,True
490,does english grammar have minimal inflection,True
491,did old english develop into middle english,True
492,are books magazines and newspapers written in english available,True
493,is the syntax of german different with different rules,True
494,here  are all syllables unstressed  except the syllableswords best and done  which are stressed ,True
495,are many words describing the navy  types of ships  and other objects or activities on the water of dutch origin ,True
496,are local variations in the formal written version of the language quite limited  being restricted largely to the spelling differences between british and american english ,True
497,is the flute a musical instrument,True
498,is it possible to open flutes at one or both ends,True
499,are indian concert flutes available in standard pitches,True
500,are foxes wary of humans,True
501,are fennec foxes endangered,False
502,does the diet of foxes include reptiles,True
503,do foxes damage fruit on farms,False
504,in old french was the plural  for animal animals,True
505,is catalan the only  official  language  of andorra,True
506,in belgium however is quatrevingts universally used,True
507,is french taught in many schools as a primary language along with arabic,True
508,is french descendant of the latin language,True
509,are there also a variety of regional languages in addition,True
510,is it true that france signed the european charter for regional languages,True
511,are the prefixes en and em always nasalized ,True
512,is german an inflected  language,True
513,in switzerland is ß used at all,False
514,are there two common  word  orders,True
515,are feminines declined in the singular,False
516,is 9   of the internet  population german,False
517,is german written using the latin  alphabet,True
518,was the luther bible by martin luther printed,True
519,does a  tz indicate that the preceding vowel is short,False
520,are there 622650 speakers of german in canada,True
521,are there also large populations of german ancestry in mexico,True
522,would bundesländer not accept north rhine westphalia and bavaria ,True
523,have adverbs of time to appear in the third place in the sentence  just after the predicate ,True
524,do both sexes of giraffe have horns,True
525,do giraffes give birth standing up,True
526,are giraffes hunted for their hides,True
527,do male giraffes weigh more than female giraffes,True
528,do male giraffes have larger horns than female giraffes,True
529,are male females generally taller than female giraffes,True
530,was henri becquerel one of the discoverers of radioactivity,True
531,is the si unit for radioactivity named after him,True
532,was henri becquerel a french physicist,True
533,was henri becquerel first in his family to occupy the physics chair at the museum national dhistoire naturelle,False
534,was henri becquerel the sole winner of the 1903 nobel prize in physics,False
535,did henri becquerel intentionally discover radioactivity,False
536,did henri becquerel live to be 80 years old,False
537,in 1908 the year  of his death was becquerel elected permanent secretary  of the académie  des  sciences,True
538,did he become chief engineer in the department of bridges and highways,True
539,did he share the nobel prize in physics,True
540,is it true that becquerel wrapped a fluorescent substance in photographic plates,True
541,is there a becquerel crater on the moon for radioactivity,True
542,must  one conclude from these experiments that the phosphorescent substance in question emits rays which pass through the opaque paper and reduces silver salts ,True
543,was newton a english physicist,True
544,was newton admitted into havard college,False
545,do most japanese people employ politeness,True
546,is it true that japanese borrowed a considerable number of words,True
547,are the several dialects of kagoshima famous to speakers,True
548,is lima the capital of peru,True
549,is the museum of gold in lima,True
550,does lima have volleyball venues,True
551,is the national university of san marcos in lima,True
552,has the san lorenzo megaport project been completed,False
553,is rainfall very low,True
554,is lima the capital  and  largest  city  of peru,True
555,is the gdp  per capita in lima  7600    ref ,True
556,is it true that the ideas of the enlightenment shaped the development of the city,True
557,is london the capital of the united kingdom,True
558,does londons population draw from a wide range of religions,True
559,did caunte take control of the english throne in 101,False
560,are the strings of a classical lyre made of gut,True
561,does a classical lyre have a soundchest,True
562,is lyre played in mordern greece,False
563,does a classical lyre have a fingerboard,True
564,is a guitar played with a plectrum like a lyre,True
565,was michael faraday an english chemist,True
566,was faraday a devout christian,True
567,was faraday considered a gentleman,False
568,who was a member of the sandemanian sect of christianity,True
569,did faraday construct the ancestor of modern power generators,True
570,did faraday lecture on education in 1854,True
571,did faraday receive an extensive formal education,False
572,did faraday discover the chemical substance benzene,True
573,was faraday born in england,True
574,does the production of chemical weapons raise an ethical issue,True
575,can you meet someone through attending a church,True
576,was education another area  of service  for faraday,True
577,was faraday s  earliest  chemical  work as an assistant  to davy,True
578,is it true that institution formed the foundation of electric motor technology,False
579,was his father member of the sandemanian sect,True
580,was faraday christian of the small sandemanian denomination,True
581,is nassau sound a body of water in maine,False
582,was nassau placed in operation by robert fulton,True
583,is nassau range the highest mountain range in the world,False
584,is nassau county named after a german town,True
585,does the united states have a base near glasgow,True
586,did tesla study electrical engineering,True
587,was tesla born in the united states,False
588,was tesla hired by edison,True
589,was tesla regarded as a mad scientist,True
590,is ottawa the capital of canada,True
591,does ottawa sit on the ottowa river,True
592,do small tremors occur in ottawa,True
593,is ottawa colder than moscow in january,True
594,is ottawa on a river,True
595,does it snow in ottawa,True
596,was there a cholera outbreak in 1832,True
597,are there also discussions of having oc transpo light rail and sto transitway networks linking on the gatineau side of the ottawa river ,True
598,does the giant otter live in south america,True
599,do otters have claws,True
600,do otters eat fish,True
601,do otters enjoy playing,True
602,do sea otters have a layer of fat like whales,False
603,is the otter in the same family as the badger,True
604,are there any cities named santiago in the united states,True
605,was santiago the name of an indiepunk band,True
606,is santiago a name in spanish,True
607,is santiago the national capital of a country,True
608,is santiago spanish for st james   from santo   saint    iago   james  ,True
609,is santiago spanish for st james,True
610,has swahili no diphthongs,False
611,is a third  prefix the object  prefix,True
612,is       ref swahili unusual among subsaharan languages,True
613,are vowels never reduced  regardless of stress ,True
614,does the australian black swan have white feathers on its wings,True
615,do swans belong to the family anatidae,True
616,can black swans swim with only one leg,True
617,are swan birds of the family anatidae,True
618,do swans feature strongly in mythology,True
619,are swans and ducks birds of the same family,True
620,is the tiger a member of the felidar family,False
621,are tigers solitary animals,True
622,are panthers a type of tiger,False
623,would it be common for tigers to mate in january,True
624,would a tiger be likely to feedon smaller animals such as mice,True
625,did the predecessors to trumpets have valves,False
626,are trumpets constructed of brass,True
627,is the bass trumpet the smallest trumpet,False
628,did miles davis play the trumpet,True
629,does a trumpet have a mellower tone than a cornet,False
630,is the name of the upper shell of a turtle called the plastron,False
631,do terrestrial tortoises have short feet,True
632,are tortoises land based,True
633,is turtle soup considered a delicacy,False
634,are testudines the crown group of the superorder chelonia,True
635,do turtles breathe air,True
636,are harvesting wild turtles legal anywhere,True
637,is there a way to approximate the age of a turtle,True
638,can turtles spend all their time underwater,False
639,are violinists and fiddlers the same thing,True
640,are violins a single size,False
641,are violas and cellos in the same family of instruments as violins,True
642,are xylophone bars made of rosewood,True
643,is the xylophone a precursor to the vibraphone,True
644,were ancient mallets made of copper,False
645,can a xylophone be 3 octaves,True
646,can a short bar follow a long bar,False
647,did vibraphones exist in 1930,True
648,was alessandro volta an egyptian,False
649,was volta taught in public schools,True
650,was volta made a count in 1810,True
651,did volta marry before he became professor of experimental physics at the university of pavia,False
652,was alessandro volta born in como,True
653,is voltas legacy celebrated by a temple on the shore of lake como in the center of the town,True
654,is the battery made by volta credited as the first electrochemical cell,True
655,was avogadro a  professor at the university of turin,True
656,was he a member of the royal superior council on public instruction,True
657,is avogadros number used to compute the results of chemical reactions,True
658,was amedeo avogadro was born in turin,True
659,is avogadro hailed as a founder of the atomicmolecular theory,True
660,did johann josef loschmidt first calculate the value of avogadros number,True
661,is amedeo avogadro italian,True
662,did he become a professor before the revolutionary movements against the king of sardinia,True
663,do ants belong to the hymenoptera order,True
664,are ants used in cuisine,True
665,does an ants head contain sensory organs,True
666,do ants thrive in most ecosystems,True
667,are several species of ants able to use the earths magnetic field,True
668,do some caterpillars produce vibrations as well as sounds,True
669,did ants evolve from wasplike ancestors in the midcretaceous period between 110 and 130 million years ago and diversified after the rise of flowering plants,True
670,is the ant a marsupial,False
671,is antwerp a city,True
672,is antwerp a municipality,True
673,is antwerp in belgium,True
674,why is antwerp important to fashion,True
675,is arabic a central semitic language,True
676,was arabic a major vehicle of culture in europe,True
677,is arabic classified alongside semitic languages,True
678,is arabic the largest member of the semitic language family,True
679,does modern standard arabic continue to evolve like other languages,True
680,is hassaniya arabic spoken in mauritania,True
681,was pascal a french mathematician,True
682,did pascal have poor health throughout his life,True
683,did pascal write about cycloid before 1658,False
684,is there a programming language called pascal,True
685,was he a child prodigy who was educated by his father a civil servant,True
686,was pascals earliest work in the natural and applied sciences where he made important contributions to the construction of mechanical calculators the study of fluids and clarified the concepts of pressure and vacuum by generalizing the work of evangelista torricelli,True
687,did pascal also write in defense of the scientific method,True
688,was charlesaugustin de coulomb a spanish biologist,False
689,was the si unit of charge named after charlesaugustin de coulomb,True
690,was charlesaugustin de coulomb ever employed at la rochelle,True
691,did charlesaugustin de coulomb come from a poor family,False
692,does coulomb leave a legacy as a pioneer in the field of geotechnical engineering for his contribution to retaining wall design,True
693,did the family move to paris as well as there coulomb studied at the prestigious collge des quatrenations,True
694,is he best known for developing coulombs law the definition of the electrostatic force of attraction and repulsion,True
695,the si unit of charge the coulomb was named after him,True
696,did coulomb die in angoulãªme france to a welltodo family,False
697,are all spoken varieties of chinese tonal and analytical,True
698,is fifty percent or more of korean vocabulary of chinese origin,True
699,does ketchup come from the minnan pronunciation of 3985327713 koetsiap,True
700,is one of the parts of a cymbal called a disc,False
701,are ride cymbals very common,True
702,does fender make cymbals,False
703,is the dragonfly associated with late summer as well as early autumn,True
704,is it characterized by large multifaceted eyes two pairs of strong transparent wings and an elongated body,True
705,is the drum a member of the percussion group,True
706,does each type of drum head serve its own musical purpose,True
707,is the aburukuwa a type of drum,True
708,had the drums been used in sri lanka since before christ,True
709,are drums often used in music therapy,True
710,do drums consist of at least eight membranes,False
711,has the design of drums changed recently,False
712,can some cylindrical shell drums have no drum heads,False
713,does every drumhead make the same sound,False
714,arent drums usually played by the hands,True
715,are drums usually played by the hands,True
716,do many such drums have six to ten tension rods,True
717,do drums consist of at least one membrane called a drumhead or drum skin that is stretched over a shell and struck either directly with parts of a players body or with some sort of implement such as a drumstick to produce sound,True
718,have other techniques been used to cause drums to make sound such as the thumb roll,True
719,is the electric eel a true eel,False
720,are most eels predators,True
721,is eel blood toxic to humans,True
722,do all eels live in fresh water,False
723,is finnish an official language of the european union,True
724,are the dialects of finnish divided into two groups,True
725,is finnish threatened by english,False
726,do openended flutes have brighter timbres,True
727,are western flutes simpler than indian flutes,False
728,has the flute been dated to prehistoric times,True
729,was the pan flute used in greece,True
730,can a flute be played with several different air sources,True
731,has the dragon historically served as chinas national emblem,True
732,do pandas hibernate,False
733,do giant pandas attack humans,True
734,is the giant panda a mammal,True
735,is the giant panda a terrestrial animal,True
736,is the giant panda an endangered species,True
737,is the giant panda a carnivore,True
738,is an acoustic guitar dependent on an external device,False
739,is the battente smaller than a classical guitar,True
740,is the flamenco guitar similar to the classical guitar,True
741,is a guitar an instrument,True
742,can guitars be divided into two broad categories,True
743,do picks come in many shapes and sizes,True
744,did becquerel study science at the école des ponts et chaussées,True
745,did he become chief engineer in the department of bridges and highways in 1892,False
746,was becquerel a french physicist,True
747,was isaac newton british,True
748,did isaac newton die in 1898,False
749,did the occult influence newtons theory of gravitation,True
750,were newtons religious views consistent with anglicanism,False
751,was sir isaac newton an english physicist and mathematician,True
752,did he build the first practical reflecting telescope,True
753,was isaac newton educated at the kings schol grantham,True
754,did free jazz feature a pollock painting as its cover artwork,True
755,during his lifetime did pollock enjoy considerable fame and notoriety,True
756,is the wisma building the tallest building in indonesia,True
757,is there a chinese community in jakarta,True
758,is jakarta the 12th largest city in the world,True
759,is the the biggest university in jakarta the university of indonesia,True
760,is jakarta a city,True
761,is the most important river the ciliwung river,True
762,do mikrolets travel on the main roads,False
763,did the economy improve in jakarta in 2007,True
764,did jayawikartas soldiers attack the dutch fortress,True
765,did suharto resign as president,True
766,was the jakarta area part of the fourth century indianized kingdom of tarumanagara,True
767,do other landmarks include the istiqlal mosque as well as jakarta cathedral,True
768,is jakarta the countrys economic cultural and political center,True
769,do koalas have a slow metabolism,True
770,is the koala found in coastal regions of eastern and southern australia from near adelaide to the southern part of cape york peninsula,True
771,is korean the official language of korea,True
772,is the word korean derived from goryeo,True
773,are all dialects of korean similar to each other,True
774,are there seven verb paradigms or speech levels in korean,True
775,is modern korean written with spaces between words,True
776,are the korean names for the language based on the names for korea used in north as well as south korea,True
777,is it not also one of the two official languages of the yanbian korean autonomous prefecture in china,True
778,is it also one of the two official languages in the yanbian korean autonomous prefecture in china,True
779,is kuala lumpur the capitol of malaysia disfluent,True
780,is kuala lumpur in the selangor state,True
781,is it a host city for the formula one world championship,True
782,is the central market located in the proximity of the pertama complex,False
783,is it home to the parliament of malaysia,True
784,is there a more industrialized region in malaysia,False
785,wasnt leonardo da vinci valued as an engineer,False
786,has leonardo often been described as the archetype of the renaissance man a man whose unquenchable curiosity was equaled only by his powers of invention,True
787,is he widely considered to be one of the greatest painters of all time and perhaps the most diversely talented person ever to have lived,True
788,according to art historian helen gardner were the scope and depth of his interests without precedent and his mind and personality seem to us superhuman the man himself mysterious and remote,True
789,are lobsters invertebrates,True
790,are lobsters kosher,False
791,do lobsters have blue blood,True
792,do lobsters feel pain,True
793,did the moche people worship lobsters,True
794,were the recitations of the ancient greeks accompanied by lyre playing,True
795,does a classical lyre have a hollow body,True
796,is the lyre a stringed musical instrument,True
797,is the foot pedal framework for a piano called a lyre,True
798,does a standard piano have fewer strings than a harp,False
799,is malay the official language of iraq,False
800,could malay have originated from sumatra island,True
801,is malay an agglutinative language,True
802,are there many words in malay that use natural gender,False
803,is malay in the austronesian family of languages,True
804,is there one negation word in malay,False
805,do linguists consider malay to be a single language,False
806,can speakers of modern malay understand old malay,False
807,wasnt malay language written using pallava,True
808,was malay language written using pallava,True
809,had the language already been used as the lingua franca throughout the archipelago since the 15th century,True
810,is malay spoken as local dialect of ethnic malays,True
811,is malay the one of the most widely spoken languages in the world,True
812,was it derived from latin,True
813,is melbourne the capital and most populous city in the state of victoria,True
814,is melbourne home to australias busiest seaport,True
815,does melbourne have a large international student community,True
816,is faraday best known for his work with kinematics,False
817,was he active in the area now called environmental science,True
818,did he discover benzene,True
819,did he advise the british government on the production of chemical weapons for use in the crimean war,False
820,did faraday have strong maritime interests,True
821,does the charge reside on the interior of a charged conductor,False
822,was michelangelos mother francesca di neri del miniato di siena,True
823,was michelangelos output in every field during his long life prodigious,True
824,does montreal contain the largest church in canada,True
825,is nairobi the capital of kenya,True
826,was nairobi founded in 1899,True
827,is the current estimated population of nairobi about 6 milion,False
828,does the city and its surrounding area also form the nairobi province,True
829,does the name nairobi come from the maasai phrase enkare nyirobi which translates to the place of cool waters,True
830,is there a monument to tesla at niagara falls new york,True
831,was tesla an american citizen,True
832,was tesla on the cover of time magazine,True
833,did tesla win the nobel prize,False
834,was tesla rich at the time of his death,False
835,did norman rockwell spend the winter months as artistinresidence at otis college of art as well as design,True
836,did norman rockwell publish a total of 321 original covers for the saturday evening post over 47 years,True
837,do his works enjoy a broad popular appeal in the united states where rockwell is most famous for the cover illustrations of everyday life scenarios he created for the saturday evening post magazine over more than four decades,True
838,are among the bestknown of rockwells works the willie gillis series rosie the riveter although his rosie was reproduced less than others of the day saying grace 1951 and the four freedoms series,True
839,is he also noted for his work for the boy scouts of america bsa,True
840,are octopus highly intelligent,True
841,do males use a specialized arm called a hectocotylus to insert spermatophores,True
842,is octopus a common food in mediterranean cuisine as well as portuguese cuisine,True
843,is the collective form octopus usually reserved for animals consumed for food,True
844,has an octopus a hard beak with its mouth at the center point of the arms,True
845,is in the 1996 movie surviving picasso picasso played by actor anthony hopkins,True
846,is the us copyright representative for the picasso administration the artists rights society,True
847,is he one of the most recognized figures in 20thcentury art,True
848,is he best known for cofounding the cubist movement and for the wide variety of styles embodied in his work,True
849,are among his most famous works the protocubist les demoiselles davignon 1907 and guernica 1937 his portrayal of the german bombing of guernica during the spanish civil war,True
850,are pianos used in western music,True
851,are upright pianos called vertical pianos,True
852,did bartolomeo cristofori invent the modern piano,True
853,is the leftmost pedal on a grand piano called the una corda,True
854,is it advantageous for a grand pianos metal plate to be quite massive,True
855,is the mechanism in an upright piano perpendicular to its keys,True
856,do older pianos have more keys than modern pianos,False
857,is one of the best known impressionist works renoirs 1876 dance at le moulin de la galette,True
858,was pierreauguste renoir born in limoges hautevienne france the child of a working class family,True
859,as a celebrator of beauty and especially feminine sensuality has it been said that renoir is the final representative of a tradition which runs directly from rubens to watteau,True
860,did pierreauguste renoir die in limoges hautevienne france the child of a working class family,False
861,as a boy did he work in a porcelain factory where his drawing talents led to him being chosen to paint designs on fine china,True
862,is portuguese an official language of andorra,False
863,does the portuguese language have its roots in the latin language,True
864,does portuguese contain words from the arabic language,True
865,wasnt portuguese language spread by arriving roman soldiers,True
866,is portuguese an official language of several international organizations,True
867,is it derived from the latin spoken by the romanized preroman peoples of the iberian peninsula namely the gallaeci the lusitanians the celtici and the conii around 2000 years ago,True
868,was it used as the exclusive lingua franca on the island of sri lanka for almost 350 years,True
869,is the city named after the apostle saint peter,True
870,has the terrain in the city been artificially raised,True
871,has equestrianism been a long tradition popular among the tsars and aristocracy,True
872,were the citys other names petrograd  1914  1924 and leningrad  1924  1991,True
873,is it often called just petersburg rrb and is informally known as piter rrb,True
874,founded by tsar peter i of russia on 27 may 1703 was it the capital of the russian empire for more than two hundred years 1713  1728 1732  1918,True
875,was mission bay campus opened in 2003,True
876,was the university of san fransisco founded in 1855,True
877,is golden gate park the largest city park,True
878,is crissy field an airfield,True
879,does the de young museum house the asian art museum,True
880,is san francisco also the financial cultural and transportation center of the larger san francisco bay area a region of 74 million people,True
881,is swedish a descendant of old norse,True
882,does swedish use the perfect participle to form the present perfect tense,False
883,was taipei founded in the 18th century,True
884,is the national palace museum in taipei,True
885,is the trumpet the musical instrument with the highest register in the brass family,True
886,is a trumpet played by blowing air through closed lips,True
887,is the most common type of trumpet the b trumpet,True
888,were trumpet players heavily guarded,True
889,are pocket trumpets compact b trumpets,True
890,was dizzy gillespie a famous trumpeter in 1998,False
891,what was maynard ferguson noted for being able to play accurately,True
892,is the breeze eazy  method sometimes used to teach younger students,True
893,do many players use a smaller mouthpiece on the piccolo trumpet,True
894,is the trumpet constructed of brass tubing bent twice into an oblong shape,True
895,are they constructed of brass tubing bent twice into an oblong shape and are played by blowing air through closed lips producing a buzzing sound which starts a standing wave vibration in the air column inside the trumpet,True
896,are there several types of trumpet,True
897,was the ottoman script replaced with a variant of the latin alphabet,True
898,is there a definite article in turkish language,False
899,is it possible to alter the word order to stress the importance of a certain phrase,True
900,does vietnamese have a comparatively large number of vowels,True
901,is vietnamese the mother tongue of the vietnamese people,True
902,is vietnamese the official administrative language of vietnam,True
903,have consonant clusters been lost,True
904,is vietnam independent from france,True
905,were the letters first annotated in 1913 by theos widow johanna van goghbonger,True
906,was kee seven years older than van gogh as well as had an eightyearold son,True
907,did he suffer from anxiety and increasingly frequent bouts of mental illness throughout his life and died largely unknown at the age of 37 from a selfinflicted gunshot wound,True
908,appreciated during his lifetime did his fame grow in the years after his death,True
909,is today he widely regarded as one of historys greatest painters and an important contributor to the foundations of modern art,True
910,does a violin have four strings,True
911,is the violin supported by the left shoulder,True
912,is the violin shaped like an hourglass,True
913,is the violin a percussion instrument,True
914,is a string first tuned to a standard pitch,True
915,is each node at an integer division of the string,True
916,is the tuning gdae used for most violin music,True
917,is a violin sometimes informally called a fiddle regardless of the type of music played on it,True
918,does the word violin come from the middle latin word vitula meaning stringed instrument,True
919,is the xylophone a musical instrument,True
920,was the xylophone associated with the folk music of the united states by the 19th century,False
921,was it likely that the xylophone reached europe during the crusades,True
922,does kelon increase or decrease tone quality of the xylophone,False
923,do the different species of zebras interbreed,False
924,do zebras sleep standing up,True
925,have plains zebras been crossed with mountain zebras,True
